stock_symbol,factor1,factor2,factor3,label
603127,,,,0
603069,,,,0
000425,,,,0
002228,,,,0
000780,,,,0
002033,,,,0
300059,,,,0
002315,,,,0
600313,,,,0
600241,,,,-1
600141,,,,0
603600,,,,1
000875,,,,0
000521,,,,0
002785,,,,0
603993,,,,-1
600789,,,,0
600116,,,,0
600820,,,,0
300230,,,,-1
300298,,,,0
002381,,,,0
600493,,,,1
300321,,,,0
002489,,,,1
300366,,,,0
002600,,,,0
000826,,,,0
300699,,,,0
002777,,,,1
300682,,,,1
300345,,,,0
600621,,,,1
603568,,,,0
002276,,,,0
000620,,,,1
300099,,,,0
601866,,,,0
300234,,,,1
000976,,,,0
002599,,,,1
600827,,,,1
603187,,,,1
002832,,,,0
002164,,,,0
603879,,,,0
600993,,,,0
603203,,,,0
300573,,,,1
600898,,,,-1
000949,,,,1
002081,,,,-1
600305,,,,0
601007,,,,1
601611,,,,0
000906,,,,0
000613,,,,0
601158,,,,0
601666,,,,0
300628,,,,1
603301,,,,1
600592,,,,0
002320,,,,0
600101,,,,0
603859,,,,0
002533,,,,0
002127,,,,1
002210,,,,-1
300383,,,,0
002101,,,,0
000836,,,,0
000498,,,,-1
002435,,,,0
000729,,,,0
600890,,,,0
600502,,,,0
000066,,,,0
002303,,,,0
603699,,,,0
601116,,,,0
002827,,,,1
600678,,,,-1
002839,,,,0
300101,,,,0
600882,,,,0
300650,,,,0
600784,,,,1
601901,,,,0
300633,,,,-1
002128,,,,0
002287,,,,0
002201,,,,1
002076,,,,-1
600419,,,,0
002122,,,,-1
600766,,,,0
600810,,,,0
600759,,,,0
603668,,,,1
000900,,,,0
603606,,,,-1
603022,,,,-1
002094,,,,-1
002407,,,,-1
300716,,,,0
002862,,,,0
601968,,,,-1
600348,,,,0
300078,,,,1
002272,,,,0
002106,,,,1
600917,,,,1
002436,,,,0
300036,,,,1
000004,,,,0
002027,,,,-1
002899,,,,1
603738,,,,0
000038,,,,0
002418,,,,-1
600546,,,,0
300199,,,,1
600619,,,,0
300095,,,,-1
603003,,,,0
600602,,,,0
600566,,,,0
300194,,,,0
300143,,,,1
600617,,,,0
600577,,,,0
600010,,,,0
300400,,,,1
002433,,,,1
600089,,,,0
002822,,,,0
000528,,,,0
603698,,,,0
600018,,,,-1
600171,,,,-1
002917,,,,1
002824,,,,-1
002687,,,,0
600235,,,,-1
300237,,,,-1
002302,,,,-1
601877,,,,-1
002363,,,,0
603517,,,,0
600098,,,,0
600970,,,,1
300568,,,,0
002515,,,,1
600082,,,,-1
000564,,,,0
600132,,,,0
601777,,,,0
601375,,,,1
601010,,,,1
000401,,,,-1
002627,,,,0
000027,,,,0
002096,,,,0
002041,,,,0
002574,,,,0
300272,,,,-1
600191,,,,-1
000862,,,,0
300357,,,,-1
601838,,,,0
600322,,,,-1
002282,,,,-1
600113,,,,-1
300555,,,,1
002373,,,,0
000049,,,,0
600211,,,,0
300608,,,,0
000421,,,,0
300093,,,,-1
300451,,,,1
600612,,,,0
600687,,,,0
000628,,,,-1
600158,,,,1
300671,,,,1
603319,,,,0
603331,,,,1
603306,,,,0
000685,,,,0
603333,,,,-1
300268,,,,1
002016,,,,0
600872,,,,-1
300511,,,,0
603358,,,,0
600377,,,,0
600839,,,,0
002118,,,,0
600983,,,,0
601015,,,,0
002175,,,,1
002531,,,,-1
600207,,,,1
603308,,,,0
000043,,,,-1
601669,,,,0
000915,,,,-1
300598,,,,1
002585,,,,0
603198,,,,0
600266,,,,0
601088,,,,-1
002896,,,,1
002671,,,,0
603508,,,,1
600060,,,,0
603903,,,,-1
603328,,,,0
002147,,,,1
603799,,,,-1
000719,,,,-1
002825,,,,-1
300219,,,,1
000623,,,,0
603103,,,,1
600352,,,,1
600673,,,,0
600094,,,,1
300270,,,,1
600161,,,,0
600361,,,,0
600382,,,,0
002324,,,,1
300692,,,,0
601225,,,,0
300293,,,,1
600114,,,,0
600884,,,,0
000651,,,,0
000570,,,,0
000886,,,,0
600180,,,,0
002828,,,,1
600323,,,,1
000407,,,,0
002400,,,,0
300378,,,,1
600853,,,,0
000584,,,,1
300621,,,,0
300026,,,,1
600333,,,,0
000721,,,,-1
600316,,,,0
300232,,,,0
300151,,,,-1
600655,,,,0
600936,,,,1
300205,,,,0
300342,,,,-1
002221,,,,0
002724,,,,0
002356,,,,0
002920,,,,0
002179,,,,-1
603080,,,,0
002239,,,,-1
000761,,,,0
002541,,,,0
300626,,,,1
603638,,,,0
600048,,,,-1
002547,,,,1
002017,,,,0
600237,,,,0
000783,,,,0
000897,,,,0
000759,,,,0
002064,,,,1
002451,,,,0
600332,,,,1
601111,,,,-1
300176,,,,0
600117,,,,0
000978,,,,0
600658,,,,0
000590,,,,0
600219,,,,0
601216,,,,0
601318,,,,0
002559,,,,0
600198,,,,0
600385,,,,1
600251,,,,0
300253,,,,1
600575,,,,-1
300226,,,,1
300035,,,,0
600367,,,,0
002667,,,,0
000801,,,,1
000821,,,,-1
300560,,,,0
000895,,,,1
000681,,,,-1
603100,,,,1
601988,,,,1
300737,,,,0
300124,,,,0
000063,,,,0
300348,,,,-1
600491,,,,0
002419,,,,0
603890,,,,0
603928,,,,0
000536,,,,0
600702,,,,0
600008,,,,0
300155,,,,0
002503,,,,0
600743,,,,0
603066,,,,-1
002266,,,,0
603088,,,,0
600078,,,,0
603711,,,,1
600716,,,,1
002055,,,,0
002129,,,,1
300602,,,,-1
000606,,,,1
300582,,,,-1
601888,,,,0
000953,,,,0
600035,,,,0
603538,,,,0
002260,,,,-1
600068,,,,0
601991,,,,0
000045,,,,0
002168,,,,1
603222,,,,0
300264,,,,0
603300,,,,0
300457,,,,1
603767,,,,0
600072,,,,0
002587,,,,0
002060,,,,0
600531,,,,0
600679,,,,-1
600510,,,,0
002368,,,,1
300223,,,,0
002504,,,,0
002876,,,,0
000600,,,,-1
002043,,,,1
600645,,,,0
300144,,,,1
300252,,,,0
300016,,,,0
603505,,,,0
300258,,,,0
000939,,,,-1
000785,,,,1
300475,,,,0
300282,,,,1
600193,,,,0
300429,,,,1
300559,,,,1
600980,,,,0
002543,,,,0
002890,,,,0
002877,,,,0
002073,,,,0
002141,,,,1
603888,,,,0
600519,,,,0
002256,,,,0
601898,,,,0
002402,,,,0
300590,,,,0
600713,,,,0
000957,,,,0
002245,,,,0
002182,,,,0
300300,,,,1
300735,,,,1
601000,,,,1
300720,,,,1
300113,,,,1
600903,,,,0
002004,,,,0
002166,,,,0
002223,,,,0
300506,,,,0
002053,,,,0
002195,,,,1
002743,,,,-1
300136,,,,-1
300397,,,,0
002450,,,,0
600359,,,,0
601333,,,,0
600757,,,,1
002907,,,,1
000615,,,,0
603933,,,,-1
002703,,,,-1
300118,,,,1
002656,,,,-1
603689,,,,0
002545,,,,-1
000669,,,,-1
601900,,,,0
600284,,,,-1
600597,,,,0
002318,,,,-1
600343,,,,0
300502,,,,1
000089,,,,0
000007,,,,-1
002014,,,,1
300437,,,,1
603063,,,,-1
002614,,,,0
600760,,,,1
600390,,,,-1
002700,,,,-1
002842,,,,1
600996,,,,1
300179,,,,0
000652,,,,-1
601326,,,,0
603618,,,,0
000700,,,,0
000537,,,,-1
600112,,,,0
002275,,,,0
600664,,,,1
600291,,,,0
600965,,,,0
002861,,,,0
600279,,,,0
002490,,,,0
002087,,,,0
600187,,,,-1
002774,,,,-1
000662,,,,0
600644,,,,1
002766,,,,1
002488,,,,0
603018,,,,0
300674,,,,-1
002546,,,,0
002206,,,,0
603966,,,,1
002084,,,,-1
603766,,,,1
002332,,,,0
000422,,,,-1
000005,,,,0
300446,,,,0
002911,,,,0
000822,,,,0
300462,,,,1
000876,,,,-1
300098,,,,-1
002556,,,,1
002401,,,,0
000548,,,,1
000816,,,,0
300145,,,,0
002682,,,,0
002036,,,,0
002243,,,,-1
000767,,,,0
603157,,,,0
600467,,,,-1
000960,,,,0
002458,,,,0
000678,,,,1
002403,,,,0
600958,,,,-1
600103,,,,0
002426,,,,0
300341,,,,0
000968,,,,1
600584,,,,0
600771,,,,0
601616,,,,1
600751,,,,0
600599,,,,0
600111,,,,0
002483,,,,-1
600834,,,,0
002630,,,,-1
001979,,,,-1
002190,,,,0
002802,,,,0
600811,,,,0
000048,,,,0
600448,,,,0
300522,,,,0
002565,,,,0
300523,,,,0
002748,,,,1
002452,,,,-1
600582,,,,0
300706,,,,0
000659,,,,-1
002154,,,,0
300094,,,,0
601965,,,,1
300049,,,,0
002250,,,,1
300210,,,,-1
601226,,,,0
603111,,,,0
002883,,,,-1
600527,,,,0
603690,,,,-1
600707,,,,1
601588,,,,0
002286,,,,0
300634,,,,1
603329,,,,-1
000557,,,,0
000892,,,,1
002061,,,,1
000701,,,,1
600496,,,,-1
600590,,,,0
002481,,,,1
600686,,,,0
002602,,,,0
002604,,,,-1
002007,,,,0
000851,,,,0
002018,,,,-1
300236,,,,0
600159,,,,0
000582,,,,0
300752,,,,-1
002803,,,,1
002872,,,,0
300467,,,,1
300653,,,,-1
300356,,,,-1
000811,,,,-1
600939,,,,0
600372,,,,-1
300386,,,,0
300676,,,,1
000818,,,,-1
600335,,,,0
600520,,,,-1
300681,,,,0
000616,,,,-1
600061,,,,1
300528,,,,1
002692,,,,-1
300075,,,,0
300391,,,,1
000926,,,,0
603277,,,,1
000800,,,,0
600255,,,,0
600731,,,,0
002377,,,,0
600821,,,,1
600565,,,,-1
603588,,,,0
300109,,,,-1
300147,,,,0
600825,,,,-1
603126,,,,1
603160,,,,0
002918,,,,1
300363,,,,-1
600498,,,,0
002052,,,,1
600028,,,,1
300697,,,,0
002665,,,,-1
000526,,,,-1
300279,,,,-1
002146,,,,-1
002818,,,,0
603363,,,,1
300110,,,,0
600528,,,,0
603926,,,,0
300529,,,,-1
600985,,,,0
603970,,,,1
002176,,,,-1
002688,,,,1
300501,,,,0
300157,,,,0
603179,,,,0
601006,,,,0
600212,,,,0
600718,,,,1
002291,,,,0
603117,,,,0
002707,,,,-1
600660,,,,1
600186,,,,-1
300010,,,,0
002880,,,,0
600381,,,,0
600533,,,,-1
002133,,,,0
300209,,,,-1
601199,,,,0
300354,,,,0
600682,,,,0
300221,,,,-1
603139,,,,0
300677,,,,0
603031,,,,0
002156,,,,-1
600803,,,,0
300352,,,,1
300204,,,,0
601288,,,,0
002660,,,,0
603589,,,,0
002654,,,,0
000567,,,,0
300128,,,,-1
000932,,,,0
603200,,,,0
603388,,,,-1
000927,,,,0
600642,,,,0
600740,,,,0
002342,,,,0
300299,,,,1
300381,,,,0
600149,,,,-1
002405,,,,0
002478,,,,0
000415,,,,0
002307,,,,1
002139,,,,0
603021,,,,0
600773,,,,-1
000778,,,,0
600351,,,,0
002048,,,,1
603518,,,,1
300414,,,,1
002922,,,,1
002628,,,,0
603377,,,,1
000667,,,,0
600339,,,,1
300531,,,,-1
603515,,,,0
600841,,,,-1
603897,,,,1
300508,,,,1
601339,,,,0
300308,,,,0
603861,,,,-1
002629,,,,0
300678,,,,1
603289,,,,0
300105,,,,0
603733,,,,1
603909,,,,1
300368,,,,0
600609,,,,0
603359,,,,0
300183,,,,0
300064,,,,0
000655,,,,1
600027,,,,1
002939,,,,1
002163,,,,1
600052,,,,0
600630,,,,-1
002514,,,,0
002067,,,,0
000062,,,,0
002003,,,,0
000858,,,,-1
002505,,,,0
300045,,,,0
002078,,,,0
300741,,,,0
600192,,,,0
002535,,,,0
300403,,,,0
600038,,,,-1
002068,,,,0
600710,,,,-1
601727,,,,1
000554,,,,1
000983,,,,-1
600586,,,,0
000848,,,,0
000417,,,,0
300375,,,,-1
300310,,,,-1
300468,,,,1
300730,,,,1
300166,,,,0
601608,,,,1
603239,,,,-1
603535,,,,0
000428,,,,0
002442,,,,1
603659,,,,0
600792,,,,0
002097,,,,-1
000517,,,,0
300551,,,,0
600309,,,,-1
600570,,,,0
603321,,,,0
300326,,,,-1
300595,,,,0
002865,,,,-1
002412,,,,0
002144,,,,0
002212,,,,0
000636,,,,-1
603486,,,,1
601618,,,,0
600576,,,,0
600084,,,,0
002413,,,,1
300320,,,,-1
601019,,,,0
600734,,,,1
600594,,,,0
600396,,,,0
002172,,,,0
600545,,,,0
603976,,,,1
300579,,,,0
000908,,,,0
002760,,,,0
002491,,,,0
603278,,,,0
300420,,,,-1
603226,,,,1
300168,,,,1
002448,,,,0
000911,,,,0
000429,,,,1
300360,,,,-1
600478,,,,0
000933,,,,0
603196,,,,0
000055,,,,0
000999,,,,1
300167,,,,0
002132,,,,0
000777,,,,1
300285,,,,0
601038,,,,1
300409,,,,-1
600881,,,,0
002137,,,,-1
002901,,,,0
603657,,,,1
600549,,,,0
002745,,,,0
603027,,,,0
601882,,,,0
000996,,,,-1
603085,,,,0
000890,,,,1
002579,,,,-1
600736,,,,-1
300750,,,,1
002633,,,,0
300301,,,,0
603603,,,,-1
600733,,,,-1
603232,,,,0
300377,,,,0
300500,,,,0
002205,,,,0
002623,,,,0
600929,,,,1
002807,,,,0
002322,,,,-1
000598,,,,0
002555,,,,1
300192,,,,-1
002694,,,,0
002233,,,,0
603166,,,,0
600054,,,,0
600058,,,,0
600023,,,,1
603316,,,,0
600654,,,,-1
300558,,,,-1
603086,,,,1
600217,,,,-1
002037,,,,-1
002439,,,,1
600073,,,,0
600837,,,,-1
600892,,,,0
600293,,,,0
300496,,,,1
000938,,,,-1
600885,,,,0
603615,,,,0
600742,,,,0
600567,,,,0
603938,,,,-1
300131,,,,0
600615,,,,0
300543,,,,-1
000902,,,,1
600851,,,,0
603016,,,,0
600836,,,,0
002051,,,,1
002338,,,,0
603898,,,,-1
000523,,,,0
603611,,,,0
300220,,,,-1
002285,,,,0
600629,,,,0
600867,,,,-1
600555,,,,0
002573,,,,-1
600763,,,,-1
002605,,,,0
603998,,,,0
300330,,,,0
002864,,,,1
600325,,,,-1
600188,,,,0
600215,,,,-1
600684,,,,1
603228,,,,0
002362,,,,0
300333,,,,0
002511,,,,1
300576,,,,1
603717,,,,-1
002265,,,,0
600303,,,,0
002099,,,,0
002497,,,,-1
603817,,,,0
601058,,,,0
600861,,,,0
002434,,,,-1
300727,,,,0
002800,,,,0
300337,,,,0
603630,,,,0
600975,,,,1
601628,,,,0
603619,,,,-1
300686,,,,1
300175,,,,-1
002333,,,,0
000408,,,,0
000605,,,,-1
600518,,,,-1
600764,,,,0
600479,,,,0
603189,,,,1
600626,,,,0
002884,,,,0
603128,,,,-1
000529,,,,1
300043,,,,1
600064,,,,-1
600536,,,,1
002575,,,,1
603839,,,,1
603577,,,,0
002114,,,,0
300365,,,,1
601222,,,,1
002909,,,,0
002607,,,,0
600403,,,,-1
603081,,,,1
300480,,,,0
000608,,,,-1
600640,,,,0
002823,,,,1
300002,,,,0
002259,,,,0
600826,,,,0
300454,,,,0
600238,,,,-1
300083,,,,0
601139,,,,0
300700,,,,1
603669,,,,0
603801,,,,0
300020,,,,0
000629,,,,1
000673,,,,0
601999,,,,0
603990,,,,0
600653,,,,0
300125,,,,1
601798,,,,0
002459,,,,0
600269,,,,0
002124,,,,0
002942,,,,1
600525,,,,0
000985,,,,0
600206,,,,-1
000856,,,,0
300410,,,,1
601872,,,,0
300569,,,,0
603520,,,,-1
603315,,,,-1
000036,,,,-1
002669,,,,0
000966,,,,-1
600543,,,,0
600030,,,,-1
002059,,,,0
601688,,,,-1
000758,,,,0
600165,,,,-1
300196,,,,0
000923,,,,-1
601997,,,,0
603612,,,,1
600091,,,,0
600618,,,,1
002045,,,,0
600026,,,,0
300003,,,,-1
300430,,,,1
000058,,,,-1
000798,,,,0
300103,,,,0
300122,,,,-1
000520,,,,-1
600436,,,,-1
300037,,,,1
603357,,,,-1
002030,,,,0
000987,,,,0
300261,,,,1
600056,,,,0
002848,,,,0
002641,,,,0
002733,,,,-1
300651,,,,1
000558,,,,1
002304,,,,0
000595,,,,-1
603037,,,,1
002274,,,,0
002717,,,,0
300740,,,,-1
300751,,,,1
603937,,,,0
000893,,,,1
002708,,,,-1
002860,,,,0
601799,,,,0
603586,,,,0
600033,,,,0
002528,,,,-1
002330,,,,1
300404,,,,1
600758,,,,1
300534,,,,0
600857,,,,0
600779,,,,-1
000788,,,,0
600776,,,,1
300580,,,,0
601126,,,,0
603311,,,,0
600143,,,,0
603527,,,,-1
601958,,,,0
002394,,,,1
000589,,,,1
600315,,,,0
300347,,,,-1
000610,,,,-1
002173,,,,0
600647,,,,-1
000820,,,,0
000899,,,,0
600081,,,,0
603336,,,,-1
002881,,,,0
002646,,,,0
000534,,,,0
600571,,,,1
603421,,,,-1
002608,,,,1
002430,,,,0
600128,,,,-1
601137,,,,0
600585,,,,-1
300260,,,,-1
300104,,,,-1
002271,,,,-1
601330,,,,1
601128,,,,-1
000006,,,,0
002783,,,,0
000338,,,,1
603499,,,,-1
600160,,,,-1
601878,,,,0
300689,,,,1
600297,,,,0
300313,,,,0
300251,,,,0
600067,,,,-1
600125,,,,0
600356,,,,0
002350,,,,0
300665,,,,0
000061,,,,-1
002879,,,,1
002542,,,,0
000001,,,,-1
300747,,,,1
000100,,,,0
300732,,,,1
600428,,,,0
603288,,,,-1
600815,,,,-1
002289,,,,0
002812,,,,-1
002873,,,,0
601828,,,,0
300672,,,,0
601966,,,,0
600452,,,,0
600226,,,,-1
600016,,,,0
600383,,,,-1
603028,,,,0
000633,,,,-1
300413,,,,0
002624,,,,1
300335,,,,1
603009,,,,0
000980,,,,0
603896,,,,0
601908,,,,0
002104,,,,0
603260,,,,0
600663,,,,-1
300182,,,,0
603679,,,,1
300154,,,,-1
300433,,,,0
002148,,,,1
002372,,,,0
600363,,,,0
000898,,,,0
300338,,,,0
002431,,,,0
002701,,,,1
600819,,,,-1
300536,,,,1
000883,,,,0
600225,,,,1
603355,,,,-1
002080,,,,0
603501,,,,0
601566,,,,0
002681,,,,0
002220,,,,-1
000665,,,,1
603878,,,,0
300515,,,,1
603607,,,,0
000702,,,,0
002596,,,,0
600596,,,,0
002927,,,,1
300015,,,,0
600070,,,,0
002564,,,,0
300557,,,,0
000965,,,,0
601390,,,,0
600891,,,,0
002501,,,,0
300679,,,,0
600071,,,,0
300483,,,,0
603369,,,,0
600278,,,,0
600613,,,,1
603986,,,,0
002731,,,,0
000592,,,,-1
603912,,,,0
000868,,,,0
600138,,,,0
002421,,,,1
000888,,,,0
000010,,,,0
603387,,,,0
600648,,,,-1
002648,,,,-1
600589,,,,0
002595,,,,0
002712,,,,-1
600393,,,,-1
002145,,,,-1
000803,,,,0
300746,,,,-1
300708,,,,0
603429,,,,-1
600722,,,,0
600090,,,,0
300419,,,,0
002319,,,,0
600218,,,,0
600053,,,,-1
002561,,,,0
601990,,,,0
600107,,,,0
002474,,,,0
300376,,,,0
603886,,,,-1
601388,,,,0
600283,,,,-1
002549,,,,0
603985,,,,0
603168,,,,0
300129,,,,-1
002098,,,,-1
300339,,,,0
002194,,,,1
600593,,,,-1
002015,,,,0
300570,,,,-1
600265,,,,0
300132,,,,0
002263,,,,0
002684,,,,1
002868,,,,0
300114,,,,0
002091,,,,0
600196,,,,0
300006,,,,0
300566,,,,1
000690,,,,0
000524,,,,1
601177,,,,1
600661,,,,0
002736,,,,0
601163,,,,0
002022,,,,0
000420,,,,1
000573,,,,-1
603626,,,,1
600104,,,,1
000158,,,,0
000925,,,,-1
002024,,,,-1
002131,,,,0
300694,,,,1
600523,,,,1
603165,,,,0
601258,,,,0
002577,,,,0
000791,,,,1
300452,,,,0
000753,,,,0
600981,,,,-1
600346,,,,0
000997,,,,1
603987,,,,1
300046,,,,0
603882,,,,-1
600960,,,,0
601009,,,,0
002165,,,,-1
000961,,,,0
600222,,,,0
002062,,,,0
600695,,,,-1
603005,,,,1
002644,,,,0
000546,,,,0
000737,,,,0
000683,,,,0
002230,,,,0
000793,,,,-1
300362,,,,-1
600681,,,,-1
603259,,,,0
600999,,,,-1
002371,,,,0
300619,,,,0
603013,,,,1
600362,,,,0
002346,,,,-1
300667,,,,1
300680,,,,0
002855,,,,0
002268,,,,0
600816,,,,-1
603098,,,,0
300742,,,,1
600747,,,,-1
601369,,,,0
000630,,,,0
603728,,,,0
603015,,,,0
300434,,,,0
300254,,,,1
300736,,,,1
002498,,,,0
600182,,,,0
002520,,,,0
002115,,,,0
603559,,,,0
000795,,,,0
000597,,,,1
603895,,,,1
002152,,,,1
002769,,,,-1
601607,,,,0
000977,,,,1
600986,,,,0
000709,,,,0
002472,,,,0
000525,,,,-1
300057,,,,-1
603041,,,,0
300222,,,,1
002735,,,,0
002494,,,,0
002406,,,,-1
002238,,,,1
300417,,,,1
600873,,,,0
300563,,,,1
600603,,,,-1
601166,,,,0
600069,,,,0
600216,,,,0
600429,,,,1
002469,,,,0
600250,,,,-1
000411,,,,-1
300311,,,,1
300027,,,,0
002738,,,,0
002621,,,,0
600416,,,,0
600990,,,,0
600638,,,,0
002321,,,,1
600373,,,,1
000612,,,,0
600706,,,,-1
300447,,,,0
002047,,,,0
000766,,,,-1
002566,,,,0
603026,,,,1
601127,,,,0
603939,,,,-1
002397,,,,0
603917,,,,0
603367,,,,-1
600039,,,,0
002789,,,,-1
300048,,,,0
600765,,,,1
300532,,,,1
300306,,,,-1
002569,,,,0
002029,,,,0
300063,,,,0
300753,,,,1
300562,,,,0
000153,,,,0
300091,,,,-1
603077,,,,0
600133,,,,-1
002598,,,,-1
300488,,,,0
600405,,,,1
000560,,,,-1
002351,,,,-1
300188,,,,1
002443,,,,-1
600580,,,,0
603648,,,,-1
600369,,,,-1
002863,,,,0
601086,,,,1
300512,,,,0
300504,,,,1
300654,,,,0
300401,,,,-1
002732,,,,0
002886,,,,1
002516,,,,0
000918,,,,0
300406,,,,1
600389,,,,1
600730,,,,0
300581,,,,-1
603808,,,,1
300443,,,,-1
002913,,,,1
002169,,,,0
600979,,,,0
603238,,,,1
000031,,,,-1
300685,,,,-1
603017,,,,-1
600845,,,,1
000585,,,,1
603677,,,,-1
600749,,,,0
002937,,,,1
002923,,,,1
600179,,,,-1
000586,,,,-1
600800,,,,-1
300712,,,,0
002044,,,,0
000963,,,,-1
600551,,,,1
603030,,,,-1
002808,,,,1
000037,,,,0
000859,,,,0
600155,,,,-1
300127,,,,1
300526,,,,1
601360,,,,0
002885,,,,1
002640,,,,0
600977,,,,1
000710,,,,0
000096,,,,0
002134,,,,-1
000697,,,,-1
601188,,,,-1
002253,,,,0
601928,,,,1
002730,,,,0
600233,,,,0
000519,,,,0
000982,,,,0
002197,,,,1
600578,,,,0
000012,,,,0
601952,,,,1
000828,,,,0
603876,,,,-1
000619,,,,1
600093,,,,-1
603871,,,,1
600307,,,,0
601880,,,,0
002750,,,,1
600967,,,,1
002594,,,,0
002941,,,,1
601939,,,,0
600256,,,,0
000732,,,,0
600406,,,,0
300592,,,,0
000861,,,,0
002801,,,,1
000009,,,,-1
002819,,,,0
300351,,,,0
300283,,,,-1
601998,,,,0
600105,,,,0
600781,,,,0
002337,,,,-1
600793,,,,0
603555,,,,1
300701,,,,1
601021,,,,1
002001,,,,-1
300050,,,,1
601020,,,,0
002218,,,,-1
002791,,,,0
600075,,,,0
300329,,,,1
600397,,,,0
600818,,,,-1
002189,,,,1
000756,,,,0
000028,,,,0
300612,,,,-1
002383,,,,-1
002423,,,,0
600257,,,,-1
000657,,,,1
002636,,,,-1
002181,,,,-1
600375,,,,0
002325,,,,0
002219,,,,-1
002551,,,,0
603378,,,,0
601016,,,,0
600338,,,,-1
600802,,,,-1
002517,,,,0
600497,,,,0
000735,,,,1
603716,,,,1
000835,,,,1
603010,,,,1
002316,,,,1
600100,,,,0
300715,,,,0
000563,,,,0
002846,,,,1
002387,,,,0
600489,,,,0
002113,,,,1
002678,,,,0
002281,,,,1
002136,,,,0
600366,,,,-1
603313,,,,1
600987,,,,0
300556,,,,1
000810,,,,-1
002782,,,,-1
002529,,,,0
600643,,,,0
002209,,,,-1
300604,,,,-1
002217,,,,-1
600326,,,,0
002626,,,,-1
600562,,,,0
002086,,,,0
600477,,,,0
002910,,,,0
300390,,,,0
600118,,,,0
000975,,,,0
000070,,,,1
600963,,,,0
600633,,,,1
600062,,,,0
300601,,,,-1
603156,,,,0
300609,,,,0
603012,,,,0
002273,,,,0
600601,,,,0
002711,,,,-1
600106,,,,0
300623,,,,0
603366,,,,-1
300134,,,,0
600418,,,,-1
600992,,,,0
300097,,,,0
603787,,,,-1
300748,,,,1
002280,,,,1
000692,,,,-1
002792,,,,1
002691,,,,-1
000958,,,,0
600506,,,,1
600727,,,,0
600608,,,,-1
600720,,,,0
002258,,,,1
000909,,,,0
002618,,,,0
300518,,,,1
600624,,,,-1
600745,,,,1
002049,,,,0
600508,,,,0
300126,,,,0
300721,,,,0
300456,,,,0
000885,,,,-1
603779,,,,0
300190,,,,-1
601689,,,,1
603536,,,,1
002365,,,,0
300428,,,,-1
000150,,,,-1
002558,,,,0
603678,,,,0
600539,,,,0
603918,,,,0
300453,,,,1
002301,,,,0
002676,,,,0
002312,,,,0
600858,,,,0
300642,,,,0
300198,,,,1
600831,,,,1
600847,,,,0
000757,,,,0
002726,,,,1
300112,,,,0
300745,,,,1
002788,,,,0
300185,,,,1
603920,,,,1
601101,,,,0
600896,,,,-1
600460,,,,0
002200,,,,0
000718,,,,0
002728,,,,0
300130,,,,-1
600110,,,,0
300271,,,,1
603713,,,,0
002299,,,,0
600777,,,,0
002919,,,,1
603599,,,,0
300181,,,,-1
002095,,,,1
000838,,,,0
002298,,,,0
000565,,,,-1
002367,,,,-1
600703,,,,0
002083,,,,0
601212,,,,0
603825,,,,0
300323,,,,0
002513,,,,1
000733,,,,0
002523,,,,0
002902,,,,1
300012,,,,1
002292,,,,0
000728,,,,0
600662,,,,0
600123,,,,0
603101,,,,1
600573,,,,-1
603090,,,,0
300486,,,,0
002771,,,,0
603528,,,,1
000912,,,,-1
000561,,,,0
300152,,,,-1
300717,,,,1
600671,,,,-1
300014,,,,0
603696,,,,-1
603579,,,,0
603337,,,,0
300170,,,,0
600189,,,,0
300195,,,,0
600665,,,,0
002882,,,,0
603305,,,,1
300215,,,,0
603988,,,,0
002112,,,,1
603516,,,,1
002679,,,,0
600127,,,,-1
002507,,,,0
000825,,,,0
600168,,,,0
603908,,,,1
300687,,,,0
002639,,,,0
002597,,,,0
002074,,,,0
603666,,,,0
300575,,,,1
600808,,,,0
300058,,,,1
603866,,,,-1
002109,,,,0
601567,,,,0
600628,,,,0
300442,,,,1
002875,,,,1
601228,,,,0
300440,,,,-1
000839,,,,0
300610,,,,1
601869,,,,0
000025,,,,1
000707,,,,-1
300358,,,,-1
603106,,,,-1
300246,,,,0
000035,,,,1
002199,,,,1
300212,,,,0
002658,,,,1
300319,,,,-1
600379,,,,0
002544,,,,1
603609,,,,0
601211,,,,0
002261,,,,0
002085,,,,0
300031,,,,1
300201,,,,-1
601801,,,,0
300288,,,,1
300616,,,,1
002554,,,,1
002484,,,,0
300738,,,,1
600242,,,,0
600855,,,,-1
000571,,,,-1
300084,,,,0
300695,,,,1
600844,,,,0
600690,,,,0
000688,,,,0
601099,,,,0
603001,,,,1
300423,,,,-1
600420,,,,0
002737,,,,1
603096,,,,1
300071,,,,-1
300632,,,,1
300510,,,,0
000488,,,,0
002674,,,,0
300364,,,,1
300611,,,,-1
603922,,,,-1
002487,,,,-1
600156,,,,0
603900,,,,0
600886,,,,1
002588,,,,0
601606,,,,1
603058,,,,0
600795,,,,1
002343,,,,0
600063,,,,0
001696,,,,0
000819,,,,-1
300265,,,,0
603929,,,,-1
600959,,,,0
002935,,,,1
002752,,,,0
002255,,,,0
600600,,,,0
600292,,,,0
002741,,,,-1
600711,,,,0
000503,,,,0
603617,,,,0
300399,,,,0
002283,,,,0
000676,,,,1
603712,,,,1
600095,,,,0
300275,,,,1
600614,,,,1
300647,,,,1
300731,,,,1
002011,,,,0
600096,,,,0
600641,,,,1
600583,,,,0
600787,,,,-1
300022,,,,0
600739,,,,0
600066,,,,1
000931,,,,-1
000752,,,,0
600674,,,,1
600275,,,,-1
603693,,,,1
002358,,,,0
603980,,,,0
002226,,,,-1
603958,,,,0
002065,,,,1
300495,,,,0
002135,,,,0
000720,,,,1
300257,,,,0
600699,,,,-1
300593,,,,0
603023,,,,-1
300164,,,,0
603136,,,,1
603718,,,,0
603661,,,,0
600717,,,,0
300666,,,,1
603060,,,,-1
600011,,,,0
300079,,,,0
603989,,,,0
600862,,,,-1
600209,,,,-1
002103,,,,0
601068,,,,1
002836,,,,1
300387,,,,0
000078,,,,0
000626,,,,-1
300427,,,,0
002075,,,,-1
603773,,,,0
300017,,,,1
300051,,,,1
600456,,,,1
002415,,,,-1
002295,,,,1
603167,,,,0
601098,,,,-1
002617,,,,0
000671,,,,-1
300305,,,,0
300637,,,,-1
002475,,,,0
300349,,,,0
603225,,,,0
300224,,,,0
300108,,,,-1
002010,,,,0
600778,,,,1
000776,,,,-1
002290,,,,0
600868,,,,0
002779,,,,1
300297,,,,1
000680,,,,0
600537,,,,0
300463,,,,0
300142,,,,0
300291,,,,0
300001,,,,0
603996,,,,0
000789,,,,0
300710,,,,1
300503,,,,0
600552,,,,0
002334,,,,0
002940,,,,1
300029,,,,0
603398,,,,0
603533,,,,1
300448,,,,0
300489,,,,0
002509,,,,-1
300760,,,,0
601218,,,,0
603660,,,,0
300535,,,,-1
300393,,,,1
300648,,,,-1
002326,,,,-1
300584,,,,-1
601179,,,,0
603506,,,,0
002202,,,,0
300491,,,,-1
000705,,,,0
600540,,,,0
300733,,,,1
002887,,,,-1
000703,,,,0
600894,,,,0
300606,,,,1
600971,,,,0
002249,,,,0
600350,,,,0
603393,,,,1
300546,,,,1
300117,,,,1
002625,,,,0
600812,,,,0
600688,,,,0
300267,,,,1
603365,,,,1
600488,,,,0
300605,,,,0
600723,,,,0
300657,,,,0
600088,,,,0
603999,,,,0
600666,,,,1
300248,,,,1
000850,,,,0
002620,,,,-1
002279,,,,1
300539,,,,1
300388,,,,1
601005,,,,0
000972,,,,0
603380,,,,0
002111,,,,0
000691,,,,1
002376,,,,0
603019,,,,0
300277,,,,0
603466,,,,1
601717,,,,0
600512,,,,-1
600511,,,,0
600408,,,,0
300540,,,,0
601969,,,,1
603105,,,,1
300497,,,,0
600782,,,,0
600199,,,,1
000877,,,,0
000666,,,,-1
600721,,,,0
000506,,,,0
000157,,,,1
300211,,,,0
002727,,,,-1
002506,,,,0
002025,,,,-1
002537,,,,0
603029,,,,0
600604,,,,1
600271,,,,0
603220,,,,1
600532,,,,0
300690,,,,0
300435,,,,1
603223,,,,0
002461,,,,-1
603809,,,,0
600976,,,,0
600475,,,,0
002931,,,,1
603848,,,,0
300461,,,,0
002928,,,,1
603737,,,,-1
603757,,,,-1
600295,,,,0
300061,,,,1
002244,,,,0
300625,,,,0
002188,,,,-1
603008,,,,1
002386,,,,0
600846,,,,-1
002432,,,,-1
002493,,,,0
600268,,,,0
600746,,,,1
002446,,,,0
600109,,,,0
300206,,,,0
002042,,,,1
603186,,,,1
600252,,,,0
600870,,,,-1
002650,,,,0
603099,,,,1
002568,,,,1
002903,,,,0
002557,,,,1
603637,,,,1
300498,,,,0
600410,,,,1
002464,,,,1
002833,,,,0
300096,,,,1
002159,,,,1
002742,,,,0
002485,,,,-1
603887,,,,0
300123,,,,-1
600422,,,,0
002309,,,,0
000020,,,,-1
300065,,,,0
603000,,,,0
002858,,,,1
600163,,,,0
601515,,,,0
300547,,,,0
002722,,,,0
601718,,,,0
300698,,,,-1
601011,,,,0
002463,,,,0
002227,,,,0
600157,,,,0
601229,,,,0
300296,,,,0
300656,,,,1
600507,,,,1
601200,,,,0
002203,,,,0
002457,,,,-1
000796,,,,-1
000760,,,,-1
300624,,,,1
002634,,,,0
300549,,,,0
603158,,,,0
002335,,,,1
600995,,,,0
600835,,,,0
600859,,,,0
300517,,,,1
600175,,,,0
300287,,,,0
002841,,,,1
600386,,,,0
300620,,,,1
603056,,,,0
002866,,,,0
300711,,,,1
002039,,,,0
601985,,,,0
002661,,,,-1
600610,,,,-1
300184,,,,1
000568,,,,-1
600466,,,,1
002361,,,,1
300487,,,,1
603038,,,,0
601899,,,,1
300312,,,,0
300077,,,,1
002057,,,,-1
603578,,,,1
000869,,,,0
300340,,,,0
600276,,,,-1
600880,,,,0
600076,,,,0
300255,,,,-1
600753,,,,0
000792,,,,-1
603169,,,,1
603116,,,,0
603055,,,,0
002409,,,,0
002510,,,,0
300709,,,,0
000930,,,,0
002278,,,,0
603299,,,,1
002550,,,,0
601069,,,,0
600435,,,,0
603339,,,,0
600310,,,,0
300082,,,,0
300459,,,,1
300367,,,,1
000650,,,,0
002035,,,,0
601198,,,,-1
600579,,,,1
002773,,,,1
603227,,,,0
002390,,,,0
600969,,,,0
600548,,,,1
002912,,,,1
600780,,,,0
600162,,,,-1
300263,,,,-1
603680,,,,0
300187,,,,-1
600353,,,,1
600535,,,,0
300163,,,,0
000627,,,,0
600476,,,,1
002150,,,,1
300322,,,,0
300596,,,,1
600735,,,,-1
000544,,,,0
002331,,,,1
002562,,,,-1
300359,,,,0
002775,,,,0
002191,,,,1
601107,,,,0
002438,,,,-1
300603,,,,0
002293,,,,0
300471,,,,0
002622,,,,-1
002213,,,,0
000880,,,,-1
300047,,,,1
002921,,,,0
603656,,,,-1
300658,,,,1
002026,,,,0
600220,,,,0
600185,,,,-1
603283,,,,1
600900,,,,1
000695,,,,-1
600446,,,,1
601789,,,,0
300216,,,,-1
300395,,,,0
600984,,,,0
300180,,,,-1
000601,,,,-1
603823,,,,0
603025,,,,0
300394,,,,0
002891,,,,1
600449,,,,0
002847,,,,1
603035,,,,0
300053,,,,0
300719,,,,0
300550,,,,0
002193,,,,-1
002843,,,,1
603566,,,,-1
002006,,,,0
300373,,,,0
603567,,,,1
600239,,,,1
600365,,,,0
000998,,,,0
002686,,,,0
000609,,,,-1
000830,,,,-1
300571,,,,1
002339,,,,0
002480,,,,0
600272,,,,1
603368,,,,1
000717,,,,0
000955,,,,0
002500,,,,0
600538,,,,0
600801,,,,0
300465,,,,0
002756,,,,0
600358,,,,1
300478,,,,1
600513,,,,0
300402,,,,0
002187,,,,1
300411,,,,0
603963,,,,1
603616,,,,-1
000016,,,,-1
300643,,,,1
600657,,,,0
002591,,,,-1
603730,,,,1
002031,,,,0
002522,,,,-1
603110,,,,1
300441,,,,0
601328,,,,0
002761,,,,-1
600311,,,,1
002715,,,,1
600895,,,,-1
300249,,,,0
002005,,,,0
000929,,,,0
600807,,,,1
300485,,,,1
002235,,,,0
600797,,,,0
600463,,,,-1
000913,,,,0
002058,,,,0
601619,,,,0
603323,,,,-1
603007,,,,0
000513,,,,-1
600354,,,,1
601933,,,,1
600037,,,,1
603906,,,,-1
300668,,,,-1
300241,,,,0
000603,,,,-1
000993,,,,0
002071,,,,-1
002734,,,,0
300328,,,,-1
000547,,,,-1
600289,,,,0
600515,,,,0
601366,,,,0
000679,,,,-1
300266,,,,0
300160,,,,0
600650,,,,-1
002829,,,,0
300494,,,,1
000823,,,,0
603601,,,,0
300218,,,,0
603389,,,,1
002327,,,,1
002611,,,,-1
002155,,,,0
603818,,,,0
000635,,,,1
002470,,,,1
600232,,,,1
300589,,,,-1
002581,,,,0
002699,,,,1
600290,,,,1
002519,,,,-1
002440,,,,0
300055,,,,-1
600550,,,,0
600388,,,,1
600243,,,,-1
000593,,,,0
000967,,,,1
002850,,,,0
300070,,,,-1
600901,,,,0
600261,,,,0
002422,,,,-1
002040,,,,-1
600246,,,,1
300638,,,,0
603557,,,,0
002032,,,,-1
002616,,,,0
002889,,,,0
000430,,,,-1
000917,,,,1
603318,,,,0
002592,,,,1
002714,,,,0
002186,,,,0
600561,,,,1
600262,,,,0
002936,,,,0
300284,,,,-1
300193,,,,-1
300217,,,,0
000670,,,,0
600701,,,,-1
601233,,,,-1
002204,,,,1
002892,,,,-1
601996,,,,-1
000920,,,,0
300281,,,,0
600229,,,,0
600122,,,,1
600814,,,,1
002455,,,,0
000543,,,,-1
002183,,,,0
000017,,,,1
002672,,,,0
603721,,,,1
600240,,,,-1
002222,,,,0
603556,,,,1
002211,,,,0
002534,,,,0
603701,,,,1
300062,,,,0
300718,,,,-1
600371,,,,0
600083,,,,0
002100,,,,-1
002759,,,,0
300481,,,,0
603043,,,,0
002050,,,,-1
603033,,,,1
601700,,,,0
002460,,,,-1
300294,,,,0
002140,,,,0
000419,,,,0
601949,,,,0
000863,,,,1
300318,,,,0
600796,,,,0
600031,,,,0
300639,,,,1
300629,,,,0
000416,,,,-1
600526,,,,0
002797,,,,0
603208,,,,1
300066,,,,0
002930,,,,1
601890,,,,0
002795,,,,1
600085,,,,1
603776,,,,0
002207,,,,-1
603348,,,,1
002369,,,,0
000672,,,,0
300538,,,,1
300214,,,,1
000014,,,,1
002740,,,,0
000559,,,,-1
300013,,,,0
300111,,,,0
600556,,,,-1
300231,,,,1
002420,,,,-1
600962,,,,0
601168,,,,1
603309,,,,1
600649,,,,-1
600458,,,,0
000878,,,,0
600439,,,,0
600129,,,,-1
603488,,,,0
603955,,,,0
600395,,,,0
603089,,,,1
002232,,,,1
600221,,,,0
600227,,,,-1
601155,,,,-1
000514,,,,0
603968,,,,0
600306,,,,0
002548,,,,-1
300034,,,,0
002348,,,,-1
300274,,,,0
603960,,,,0
600469,,,,0
600398,,,,0
002900,,,,1
000166,,,,-1
603676,,,,0
002456,,,,0
002702,,,,0
300425,,,,1
002270,,,,1
600146,,,,0
002751,,,,-1
600020,,,,-1
000566,,,,-1
600997,,,,0
601311,,,,-1
600230,,,,-1
000881,,,,0
300278,,,,1
600318,,,,-1
603183,,,,0
300115,,,,1
600051,,,,0
300158,,,,0
002693,,,,0
000026,,,,0
002395,,,,0
601800,,,,0
002417,,,,1
300087,,,,0
002107,,,,0
603959,,,,0
002651,,,,0
600714,,,,0
603686,,,,1
002763,,,,0
300174,,,,0
300618,,,,-1
002677,,,,0
600522,,,,1
603444,,,,1
300334,,,,0
600170,,,,0
000023,,,,1
002072,,,,0
002388,,,,1
601858,,,,0
300159,,,,0
600767,,,,1
002718,,,,0
603496,,,,0
002772,,,,0
600715,,,,-1
002553,,,,1
600866,,,,-1
300239,,,,0
002336,,,,-1
300396,,,,0
600501,,,,0
300073,,,,0
300525,,,,1
300054,,,,-1
300640,,,,0
300392,,,,0
600719,,,,0
300056,,,,0
300233,,,,0
300161,,,,1
002229,,,,1
300007,,,,0
600152,,,,-1
300042,,,,-1
002856,,,,-1
603020,,,,0
600887,,,,0
002706,,,,0
600355,,,,-1
600177,,,,0
601186,,,,1
600166,,,,1
300599,,,,1
300086,,,,0
000715,,,,-1
300600,,,,-1
300422,,,,0
300262,,,,1
600636,,,,1
002410,,,,0
300227,,,,0
002835,,,,1
300238,,,,0
002810,,,,1
002755,,,,-1
603703,,,,-1
600652,,,,1
002521,,,,0
600998,,,,0
002898,,,,0
000502,,,,0
600455,,,,0
300675,,,,-1
000751,,,,0
600634,,,,-1
600804,,,,0
300591,,,,0
300076,,,,0
600260,,,,0
601138,,,,0
002019,,,,-1
600863,,,,1
600130,,,,1
002837,,,,0
603881,,,,1
603706,,,,0
603596,,,,0
603580,,,,1
600712,,,,0
000530,,,,0
603811,,,,1
600499,,,,1
000060,,,,0
600620,,,,0
600824,,,,0
002609,,,,0
603199,,,,0
300138,,,,0
300173,,,,0
600694,,,,0
600203,,,,1
000725,,,,-1
002143,,,,0
600689,,,,-1
603078,,,,-1
002277,,,,0
300041,,,,1
002066,,,,1
603810,,,,1
603725,,,,-1
600368,,,,0
603076,,,,0
002454,,,,0
000970,,,,0
603916,,,,0
600889,,,,1
002631,,,,0
002142,,,,0
300661,,,,0
603919,,,,1
600167,,,,0
603665,,,,0
002345,,,,0
300587,,,,1
300141,,,,0
002518,,,,-1
000155,,,,0
000762,,,,0
000587,,,,0
000611,,,,-1
600547,,,,1
002002,,,,0
000713,,,,0
600119,,,,-1
300385,,,,1
000779,,,,1
600926,,,,0
600231,,,,0
000935,,,,-1
300137,,,,-1
000625,,,,0
600588,,,,1
600009,,,,0
600108,,,,0
601231,,,,0
600004,,,,-1
002013,,,,-1
300449,,,,1
002379,,,,0
600302,,,,0
300162,,,,1
600988,,,,0
002499,,,,0
002178,,,,0
300507,,,,0
002467,,,,0
603650,,,,1
002054,,,,-1
000687,,,,-1
300514,,,,1
300743,,,,1
002536,,,,-1
002612,,,,0
601500,,,,1
600036,,,,-1
002613,,,,-1
002906,,,,1
000576,,,,-1
002313,,,,0
600558,,,,0
300067,,,,0
600021,,,,0
603338,,,,-1
002088,,,,0
600079,,,,0
300331,,,,0
000011,,,,-1
002767,,,,0
600022,,,,0
002929,,,,1
002162,,,,0
000712,,,,1
600726,,,,0
002328,,,,0
603079,,,,1
600392,,,,0
000962,,,,-1
600236,,,,1
002586,,,,1
300247,,,,1
000739,,,,0
000731,,,,1
600568,,,,-1
300165,,,,-1
000989,,,,1
603192,,,,0
603583,,,,1
600462,,,,-1
000723,,,,0
002246,,,,0
002125,,,,-1
000829,,,,0
300290,,,,1
600267,,,,-1
601519,,,,0
300068,,,,0
603266,,,,1
002392,,,,0
603727,,,,0
600611,,,,0
002427,,,,1
002184,,,,-1
603722,,,,1
002110,,,,1
603979,,,,0
000711,,,,-1
600805,,,,0
300408,,,,0
002925,,,,0
603032,,,,-1
603978,,,,0
300177,,,,1
300202,,,,0
300585,,,,-1
601001,,,,0
601117,,,,0
600521,,,,-1
002284,,,,0
601595,,,,0
300421,,,,1
000936,,,,-1
603605,,,,0
600197,,,,0
002578,,,,1
002590,,,,0
300019,,,,0
603180,,,,1
600790,,,,0
000599,,,,0
600897,,,,1
000833,,,,0
002690,,,,-1
600183,,,,1
600247,,,,-1
300011,,,,0
300707,,,,0
601002,,,,1
600675,,,,1
000952,,,,0
300171,,,,-1
000716,,,,0
600756,,,,1
300040,,,,0
300033,,,,0
000088,,,,-1
300473,,,,0
600563,,,,1
603083,,,,-1
000039,,,,-1
002364,,,,0
603708,,,,0
600426,,,,0
000738,,,,-1
601766,,,,0
000301,,,,1
000545,,,,0
600288,,,,1
002938,,,,1
002153,,,,1
300225,,,,-1
002496,,,,0
603869,,,,0
603233,,,,1
603159,,,,1
002799,,,,0
002234,,,,0
603726,,,,-1
603758,,,,0
603901,,,,0
002069,,,,0
300662,,,,0
603868,,,,0
300256,,,,0
600667,,,,0
300307,,,,0
000002,,,,-1
603258,,,,1
000656,,,,1
300545,,,,0
300038,,,,0
600120,,,,0
300074,,,,-1
002120,,,,0
600086,,,,0
600768,,,,0
600864,,,,-1
600317,,,,0
002082,,,,0
002524,,,,0
300552,,,,0
300567,,,,0
600909,,,,0
300445,,,,0
600007,,,,1
300466,,,,-1
300317,,,,-1
603855,,,,0
000507,,,,0
600249,,,,0
000981,,,,-1
603658,,,,0
300156,,,,0
300484,,,,0
300652,,,,0
002908,,,,1
601012,,,,1
600517,,,,0
600468,,,,1
300009,,,,0
600409,,,,0
000727,,,,0
300622,,,,0
300669,,,,0
300477,,,,0
300749,,,,1
603822,,,,0
002236,,,,-1
002719,,,,0
603138,,,,1
002296,,,,0
000815,,,,-1
601811,,,,0
601579,,,,0
600195,,,,-1
002670,,,,0
600754,,,,0
600822,,,,-1
002180,,,,1
603587,,,,0
002831,,,,0
600798,,,,0
000090,,,,0
002224,,,,0
600421,,,,0
002384,,,,-1
600282,,,,0
002851,,,,-1
002269,,,,0
600908,,,,0
300649,,,,0
002643,,,,0
000501,,,,0
002526,,,,0
600378,,,,1
300493,,,,1
300702,,,,0
600121,,,,0
600637,,,,1
600006,,,,0
600258,,,,-1
600285,,,,0
000951,,,,0
300052,,,,1
002508,,,,1
603883,,,,0
300615,,,,0
300641,,,,0
600693,,,,0
002138,,,,1
002414,,,,1
000552,,,,0
300303,,,,0
002416,,,,0
002473,,,,0
600438,,,,0
002849,,,,0
600483,,,,1
300572,,,,0
000622,,,,-1
300085,,,,0
002437,,,,1
600683,,,,0
600057,,,,0
002465,,,,0
600704,,,,0
300644,,,,1
300207,,,,0
600210,,,,-1
002776,,,,0
002344,,,,1
603040,,,,0
600312,,,,0
002572,,,,-1
600505,,,,0
000768,,,,-1
300228,,,,-1
603803,,,,0
002859,,,,-1
002878,,,,1
000056,,,,0
300627,,,,0
600319,,,,1
300324,,,,0
300724,,,,1
002486,,,,0
000030,,,,0
603477,,,,0
000973,,,,-1
000632,,,,-1
000903,,,,1
600012,,,,0
600190,,,,0
300332,,,,0
000333,,,,0
601929,,,,0
601169,,,,0
600744,,,,-1
300597,,,,-1
002610,,,,0
002252,,,,1
600869,,,,0
000831,,,,0
600470,,,,0
002149,,,,0
000069,,,,-1
300655,,,,-1
002353,,,,0
300613,,,,0
601668,,,,0
600876,,,,0
600651,,,,1
600854,,,,0
600137,,,,0
300229,,,,1
300588,,,,-1
002757,,,,0
300631,,,,-1
603977,,,,0
300120,,,,-1
300458,,,,0
002635,,,,1
601699,,,,-1
300705,,,,0
603602,,,,0
002355,,,,1
600287,,,,0
002888,,,,-1
300660,,,,0
600705,,,,0
300316,,,,-1
002119,,,,1
000068,,,,-1
000638,,,,-1
000019,,,,1
600966,,,,0
002208,,,,0
603188,,,,0
300636,,,,0
600176,,,,0
300149,,,,0
300492,,,,-1
300346,,,,-1
002008,,,,1
002297,,,,0
600572,,,,0
300119,,,,0
002300,,,,0
601677,,,,0
000555,,,,0
002645,,,,-1
300191,,,,0
002177,,,,-1
603655,,,,1
600201,,,,0
603826,,,,0
603129,,,,-1
603356,,,,1
300140,,,,-1
000969,,,,-1
002897,,,,-1
600077,,,,0
600856,,,,-1
002709,,,,-1
300325,,,,0
601808,,,,0
002079,,,,1
300023,,,,1
002739,,,,1
002915,,,,0
002765,,,,0
600708,,,,-1
000099,,,,0
002695,,,,1
603880,,,,1
002826,,,,0
002563,,,,0
600184,,,,-1
600500,,,,0
600623,,,,0
002809,,,,0
300107,,,,0
600639,,,,-1
600729,,,,0
300635,,,,1
002762,,,,1
600301,,,,0
600234,,,,1
300389,,,,0
603797,,,,0
002663,,,,0
300505,,,,0
000151,,,,0
603778,,,,-1
603991,,,,1
300426,,,,1
600380,,,,-1
002673,,,,0
600838,,,,0
600153,,,,0
002666,,,,-1
600877,,,,1
002341,,,,-1
600299,,,,0
300072,,,,0
000708,,,,0
600879,,,,0
300561,,,,1
603639,,,,0
300479,,,,0
300024,,,,0
002527,,,,0
601818,,,,0
600770,,,,0
